"user_login","user_email","user_url","user_registered","display_name","first_name","last_name","user_status","role"
"Aden Is So Brave","aden.barry@example.com","","2018-12-29 10:33:22","Aden Is So Brave","Aden","Barry","","subscriber"
"Andy Likes Candy","andy.castillo@example.com","","2018-12-29 10:33:22","Andy Likes Candy","Andy","Castillo","","contributor"
"Bianca Has Arrived","bianca.reinhardt@example.com","","2018-12-29 10:33:24","Bianca Has Arrived","Bianca","Reinhardt","","contributor"
"Bobby Be Alright","bobby.valentino@example.com","","2018-12-29 10:33:21","Bobby Be Alright","Bobby","Valentino","","subscriber"
"Cynthia Be Cruising","cynthia.cruz@example.com","","2018-12-29 10:33:23","Cynthia Be Cruising","Cynthia","Cruz","","contributor"
"Demo 22","demo22@example.com","","2018-12-29 10:33:22","Demo22","Demo","22","","subscriber"
"Demo-28","demo28@example.com","","2019-02-02 22:41:20","Demo28","Demo","28","","author"
"Demo19","demo19@example.com","","2019-02-02 22:46:53","Demo19","Demo","19","","contributor"
"Demo20","demo20@example.com","","2019-02-02 22:47:11","Demo20","Demo","20","","subscriber"
"Demo21","demo21@example.com","","2019-02-02 22:38:34","Demo21","Demo","21","","author"
"Demo23","demo23@example.com","","2019-02-02 22:38:58","Demo23","Demo","23","","author"
"Demo24","demo24@example.com","","2019-02-02 22:39:28","Demo24","Demo","24","","author"
"Demo25","demo25@example.com","","2019-02-02 22:39:55","Demo25","Demo","25","","subscriber"
"Demo26","demo26@example.com","","2019-02-02 22:40:16","Demo26","Demo","26","","subscriber"
"Demo27","demo27@example.com","","2019-02-02 22:40:51","Demo27","Demo","27","","contributor"
"Demo29","demo29@example.com","","2019-02-02 22:41:43","Demo29","Demo","29","","author"
"Demo30","demo30@example.com","","2019-02-02 22:47:38","Demo 30","Demo","30","","subscriber"
"Derek Is My Hero","derek.russo@example.com","","2018-12-29 10:33:22","Derek Is My Hero","Derek","Russo","","contributor"
"Jackie Always Happy","jackie.andrea.smith@example.com","","2018-12-29 10:33:22","Jackie Always Happy","Jackie Andrea","Smith","","contributor"
"Janet On Top Of The Hill","janet.hill-garza@example.com","","2018-12-29 10:33:23","Janet On Top Of The Hill","Janet","Hill-Garza","","contributor"
"Jason Is The Man","jason.sanders@example.com","","2018-12-29 10:33:24","Jason Is The Man","Jason","Sanders","","contributor"
"Jordan Be Ballin","jordan.bouler@example.com","","2018-12-29 10:33:23","Jordan Be Ballin","Jordan","Bouler","","contributor"
"Kimberly Is On Fire","kimberly.fisker@example.com","","2018-12-29 10:33:24","Kimberly Is On Fire","Kimberly","Fisker","","contributor"
"Mary Bumblebee","mary.huckabee@example.com","","2018-12-29 10:33:23","Mary Bumblebee","Mary","Huckabee","","contributor"
"Nina Very Pretty","nina.perry@example.com","","2018-12-29 10:33:22","Nina Very Pretty","Nina","Perry","","contributor"
"Susie Golden Girl","susan.goldberg@example.com","","2018-12-29 10:33:23","Susie Golden Girl","Susan","Goldberg","","author"
"Take The Lead","jessicakafor@gmail.com","","2018-10-08 10:56:08","Take The Lead","","","","administrator"
"Vanessa Flowers","vanessa.flowers@example.com","","2018-12-29 10:33:24","Vanessa Flowers","Vanessa","Flowers","","author"
"Wendy On The Throne","wendy.hawthrone@example.com","","2018-12-29 10:33:24","Wendy On The Throne","Wendy","Hawthrone","","subscriber"
